Ticker,Industry,Date,Shares,OfferPrice,FirstDayClose,CurrentPrice,Return,DaysSincePublic
JTTT,Blank Check,26/8/2026,6.0,1000,1145,1145,14.499999999999998,27
ADBT,Technology,25/8/2026,0.0,1200,676,676,-43.666666666666664,28
FBDT,Other,20/8/2026,1.2,1200,415,415,-65.41666666666667,33
QNBC,Financials,20/8/2026,1.1,4200,4387,4387,4.4523809523809526,33
LYNX,Technology,19/8/2026,17.0,1750,1501,1555,-11.142857142857142,34
RVII,Financials,13/8/2026,8.0,2500,2295,2341,-6.36,40
FOIL,Basic Materials,12/8/2026,4.3,2200,2450,2258,2.6363636363636362,41
SNSC,Consumer Goods,12/8/2026,3.1,500,307,147,-70.6,41
VOGX,Health Care,12/8/2026,6.3,1300,1300,2365,81.92307692307692,41
BLSM,Health Care,7/8/2026,9.4,1600,1600,1580,-1.25,46
LTGO,Health Care,7/8/2026,19.2,1800,1825,2140,18.88888888888889,46
TP,Technology,7/8/2026,1.9,800,700,765,-4.375,46
BRVE,Health Care,6/8/2026,21.3,1800,2980,2742,52.33333333333333,47
ATTO,Health Care,5/8/2026,17.0,1700,2190,2021,18.88235294117647,48
TCGX,Blank Check,5/8/2026,7.5,1000,1075,1410,41.0,48
APMD,Health Care,31/7/2026,12.0,1600,2500,2855,78.4375,53
JMKE,Consumer Goods,30/7/2026,43.5,2300,2163,2266,-1.4782608695652173,54
REF,Consumer Goods,30/7/2026,14.1,1500,1508,1451,-3.266666666666666,54
IMC,Basic Materials,29/7/2026,4.0,500,513,1100,120.0,55
IOND,Technology,28/7/2026,10.8,5000,6290,6877,37.54,56
SCTX,Health Care,24/7/2026,8.6,1500,2165,3283,118.86666666666667,60
CSQR,Technology,16/7/2026,50.0,2100,2067,2036,-3.0476190476190474,68
QMLS,Technology,16/7/2026,39.5,1308,2143,536,-59.021406727828754,68
STDN,Utilities,16/7/2026,10.0,1500,1230,1297,-13.533333333333333,68
RACD,Blank Check,13/7/2026,7.5,1000,1034,1199,19.900000000000002,71
SKHY,Technology,10/7/2026,177.9,14900,16801,16308,9.4496644295302,74
BSP,Technology,1/7/2026,58.0,2900,4050,3993,37.689655172413794,83
ITG,Other,1/7/2026,19.5,1600,1771,1253,-21.6875,83
LIME,Technology,1/7/2026,7.0,2500,2600,4203,68.12,83
SIND,Basic Materials,26/6/2026,17.8,1200,1200,1573,31.083333333333336,88
DPC,Industrials,25/6/2026,27.9,3300,4688,4577,38.696969696969695,89
DSC,Technology,25/6/2026,3.0,1700,906,793,-53.352941176470594,89
FISN,Utilities,18/6/2026,2.5,1600,1456,777,-51.4375,96
FCBM,Financials,18/6/2026,5.5,1250,1260,1250,0.0,96
KARD,Health Care,18/6/2026,25.0,1600,2200,2026,26.625,96
CAES,Blank Check,17/6/2026,25.0,1000,1011,1007,0.7000000000000001,97
SPCX,Technology,12/6/2026,555.6,13500,16095,13400,-0.7407407407407408,102
FRBT,Financials,11/6/2026,7.9,1800,1810,1902,5.666666666666666,103
EROC,Oil & Gas,10/6/2026,27.9,2150,1875,1301,-39.48837209302326,104
PBLS,Health Care,10/6/2026,33.5,2000,3160,3958,97.89999999999999,104
WHK,Oil & Gas,9/6/2026,7.7,2600,2600,2723,4.730769230769231,105
INIO,Industrials,4/6/2026,90.0,2700,3330,2300,-14.814814814814813,110
LFTO,Technology,4/6/2026,19.0,2300,2845,1836,-20.17391304347826,110
QNT,Technology,4/6/2026,28.0,6000,6038,5490,-8.5,110
SSMR,Basic Materials,4/6/2026,20.0,1350,1718,1745,29.259259259259256,110
AADX,Industrials,3/6/2026,32.5,2000,1901,1550,-22.5,111
DGACU,Blank Check,27/5/2026,15.0,1000,998,996,-0.4,118
PWRL,Financials,27/5/2026,43.2,3500,2768,2768,-20.914285714285715,118
CNXU,Health Care,21/5/2026,9.5,1350,1307,1307,-3.185185185185185,124
LCLN,Financials,20/5/2026,21.1,2000,2252,2332,16.6,125
RACC,Blank Check,20/5/2026,7.5,1000,1030,2290,129.0,125
AMAN,Blank Check,19/5/2026,7.5,1000,1001,1068,6.800000000000001,126
VIDA,Technology,15/5/2026,3.8,400,400,229,-42.75,130
BXDC,Financials,14/5/2026,87.5,2000,1981,1993,-0.35000000000000003,131
CBRS,Technology,14/5/2026,30.0,18500,31107,20985,13.432432432432432,131
EROK,Oil & Gas,14/5/2026,17.3,1850,2184,2616,41.4054054054054,131
MWC,Technology,14/5/2026,2.9,800,820,157,-80.375,131
FRVO,Other,13/5/2026,70.0,2700,3654,4106,52.074074074074076,132
GMRS,Health Care,13/5/2026,31.9,1500,1385,1414,-5.733333333333333,132
MOBI,Health Care,8/5/2026,10.0,1500,1175,1095,-27.0,137
ODTX,Health Care,8/5/2026,15.5,1800,1642,2467,37.05555555555556,137
HAWK,Technology,7/5/2026,16.0,2600,3400,2161,-16.884615384615383,138
SUJA,Consumer Goods,7/5/2026,8.9,2100,1785,750,-64.28571428571429,138
REA,Other,6/5/2026,3.3,1900,1900,1345,-29.210526315789476,139
COAG,Health Care,1/5/2026,16.8,1800,3400,4820,167.77777777777777,144
SPTX,Health Care,1/5/2026,14.2,1800,1984,2404,33.55555555555556,144
AVLN,Health Care,30/4/2026,16.7,1800,2949,3713,106.27777777777779,145
SBMT,Basic Materials,30/4/2026,5.2,1150,1075,795,-30.869565217391305,145
PSUS/PS,Financials,29/4/2026,100.0,5000,4271,3952,-20.96,146
XE,Other,24/4/2026,44.3,2300,2920,1829,-20.47826086956522,151
ELMT,Basic Materials,23/4/2026,8.6,1400,1791,1667,19.071428571428573,152
DETX,Industrials,22/4/2026,3.7,450,456,339,-24.666666666666668,153
NHP,Financials,22/4/2026,38.5,1200,1200,1708,42.333333333333336,153
YSWY,Consumer Services,22/4/2026,14.0,2000,2123,2462,23.1,153
AVEX,Other,17/4/2026,16.0,2000,2693,1808,-9.6,158
ALMR,Health Care,17/4/2026,11.3,1700,2200,3464,103.76470588235294,158
JATT,Blank Check,17/4/2026,6.0,1000,1050,1378,37.8,158
KLRA,Health Care,17/4/2026,39.1,1600,2600,1746,9.125,158
ARXS,Other,16/4/2026,40.5,2800,3875,5370,91.78571428571428,159
MAIR,Consumer Services,16/4/2026,82.7,2700,3175,2625,-2.7777777777777777,159
TMCR,Basic Materials,8/4/2026,0.6,1500,1400,601,-59.93333333333334,167
HMH,Oil & Gas,1/4/2026,10.5,2000,1928,2023,1.15,174
GMTL,Basic Materials,20/3/2026,4.4,1350,1350,1211,-10.296296296296296,186
JAN,Financials,20/3/2026,42.0,2000,2360,3059,52.949999999999996,186
SWMR,Technology,17/3/2026,3.0,500,3100,4591,818.2,189
MDA,Other,12/3/2026,9.8,3050,3080,3125,2.459016393442623,194
PAYP,Other,12/3/2026,55.0,1600,1816,1429,-10.6875,194
CAST,Technology,10/3/2026,19.8,3300,913,187,-94.33333333333334,196
MMED,Health Care,6/3/2026,28.0,2000,1849,2018,0.8999999999999999,200
GENB,Health Care,27/2/2026,25.0,1600,1265,1599,-0.0625,207
BCHT,Utilities,26/2/2026,6.3,240,240,140,-41.66666666666667,208
FVAV,Blank Check,26/2/2026,25.0,1000,1002,1021,2.1,208
ROC,Technology,20/2/2026,4.0,600,616,420,-30.0,214
SHAZ,Technology,19/2/2026,4.2,3000,3170,6085,102.83333333333333,215
APC,Oil & Gas,12/2/2026,11.1,1800,1755,459,-74.5,222
BRAI,Technology,12/2/2026,68.7,3521,4453,562,-84.03862539051406,222
AGBK,Financials,11/2/2026,20.0,1200,1075,598,-50.16666666666667,223
MWH,Other,11/2/2026,20.5,2500,3067,2892,15.68,223
JAGU,Basic Materials,10/2/2026,6.3,400,307,160,-60.0,224
AGMB,Health Care,6/2/2026,12.5,1600,1465,1343,-16.0625,228
OFRM,Consumer Goods,6/2/2026,11.0,1800,2105,1678,-6.777777777777779,228
SGP,Health Care,6/2/2026,9.4,1600,2640,2623,63.9375,228
BOBS,Consumer Goods,5/2/2026,19.5,1700,1702,1805,6.176470588235294,229
CEPS,Blank Check,5/2/2026,10.0,1000,1015,1040,4.0,229
EIKN,Health Care,5/2/2026,21.2,1800,1500,1075,-40.27777777777778,229
FPS,Industrials,5/2/2026,56.0,2700,2900,3336,23.555555555555554,229
MANE,Health Care,4/2/2026,15.1,1700,3775,10532,519.5294117647059,230
PLYX,Health Care,2/2/2026,0.0,4500,3500,214,-95.24444444444444,232
LIFE,Financials,29/1/2026,10.5,1900,1685,3352,76.42105263157895,236
PICS,Technology,29/1/2026,22.9,1900,1900,1005,-47.10526315789474,236
YSS,Other,29/1/2026,18.5,3400,3361,920,-72.94117647058823,236
PPHC,Other,28/1/2026,4.2,1225,1128,1011,-17.46938775510204,237
EQPT,Consumer Goods,23/1/2026,30.5,2450,3256,1827,-25.428571428571427,242
HLXC,Blank Check,23/1/2026,15.0,1000,1025,1085,8.5,242
BTGO,Financials,22/1/2026,11.8,1800,1849,660,-63.33333333333333,243
GCDT,Oil & Gas,13/1/2026,2.5,400,421,39,-90.25,252
AKTS,Health Care,9/1/2026,17.7,1800,2240,2400,33.33333333333333,256
ATCX,Basic Materials,9/1/2026,1.2,800,880,350,-56.25,256
BUDA,Consumer Goods,8/1/2026,2.7,750,811,903,20.4,257
VHCPU,Blank Check,18/12/2025,20.0,1000,0,0,-100.0,278
ANDG,Consumer Services,17/12/2025,11.0,1600,2350,2379,48.6875,279
MDLN,Health Care,17/12/2025,216.0,2900,4100,4383,51.137931034482754,279
WLTH,Financials,12/12/2025,34.6,1400,1419,849,-39.357142857142854,284
LMRI,Health Care,11/12/2025,25.0,1850,1852,1480,-20.0,285
CDNL,Other,10/12/2025,11.5,2100,2350,2982,42.0,286
JMG,Consumer Goods,10/12/2025,3.8,400,560,560,40.0,286
RGNT,Health Care,4/12/2025,1.3,800,750,750,-6.25,292
SMJF,Consumer Goods,4/12/2025,2.5,400,451,451,12.75,292
PARK,Health Care,3/12/2025,1.5,1300,1025,1025,-21.153846153846153,293
CBC,Financials,20/11/2025,17.8,2100,2297,2297,9.380952380952381,306
GLOO,Technology,19/11/2025,9.1,800,810,810,1.25,307
WSHP,Consumer Services,14/11/2025,4.0,2002,3021,3021,50.8991008991009,312
CABR,Consumer Goods,13/11/2025,1.0,400,139,139,-65.25,313
OTH,Consumer Goods,13/11/2025,3.8,400,380,380,-5.0,313
POAS,Industrials,13/11/2025,3.6,400,385,385,-3.75,313
BLLN,Health Care,6/11/2025,4.6,6000,10894,7351,22.516666666666666,320
EVMN,Health Care,6/11/2025,9.4,1600,2023,2650,65.625,320
AERO,Other,6/11/2025,11.7,1900,2035,1572,-17.263157894736842,320
ELWT,Technology,5/11/2025,1.7,900,720,720,-20.0,321
XZO,Financials,5/11/2025,8.0,2100,2101,1545,-26.42857142857143,321
MEHA,Health Care,5/11/2025,0.0,800,275,275,-65.625,321
BETA,Industrials,4/11/2025,29.9,3400,3600,1927,-43.3235294117647,322
CEPV,Blank Check,4/11/2025,22.0,1000,1030,1030,3.0,322
WSTNU,Blank Check,4/11/2025,5.0,1000,1003,1003,0.3,322
BGSI,Consumer Services,31/10/2025,5.5,14100,0,0,-100.0,326
NOMA,Consumer Services,31/10/2025,13.3,3000,2100,2100,-30.0,326
NAVN,Technology,30/10/2025,36.9,2500,2000,1560,-37.6,327
MPLT,Health Care,27/10/2025,14.8,1700,1834,1851,8.882352941176471,330
AGCC,Consumer Goods,22/10/2025,1.8,400,605,605,51.24999999999999,335
NPT,Basic Materials,22/10/2025,1.9,500,491,491,-1.7999999999999998,335
AHMA,Other,21/10/2025,1.5,400,465,465,16.25,336
BGIN,Financials,21/10/2025,5.0,600,496,496,-17.333333333333336,336
MCTA,Health Care,21/10/2025,1.6,400,700,700,75.0,336
ACCL,Consumer Services,17/10/2025,1.4,400,405,405,1.25,340
SEV,Consumer Goods,16/10/2025,31.7,0,0,0,,341
OWLS,Financials,16/10/2025,4.7,6800,5555,5555,-18.308823529411764,341
SLGB,Other,15/10/2025,1.0,500,528,363,-27.400000000000002,342
TCGL,Technology,15/10/2025,2.6,400,493,400,0.0,342
RPGL,Technology,14/10/2025,2.1,400,498,131,-67.25,343
ALH,Industrials,9/10/2025,37.6,2200,2482,2076,-5.636363636363637,348
LFS,Other,9/10/2025,1.3,400,311,311,-22.25,348
YDDL,Basic Materials,9/10/2025,2.0,500,542,542,8.4,348
PXED,Consumer Services,9/10/2025,4.3,3200,3815,3031,-5.28125,348
POM,Health Care,8/10/2025,5.0,400,403,403,0.75,349
TTRX,Health Care,8/10/2025,17.9,1000,700,700,-30.0,349
CCHH,Consumer Services,3/10/2025,1.3,400,444,444,11.0,354
CBK,Financials,2/10/2025,7.2,2400,2400,2400,0.0,355
AGRZ,Other,1/10/2025,1.3,400,312,312,-22.0,356
FRMI,Financials,1/10/2025,32.5,2100,3253,801,-61.857142857142854,356
NP,Financials,1/10/2025,18.4,2000,2480,2030,1.5,356
KNRX,Technology,29/9/2025,3.0,400,320,320,-20.0,358
AEXA,Blank Check,26/9/2025,30.0,1000,0,0,-100.0,361
MGN,Other,26/9/2025,1.3,400,0,0,-100.0,361
PTRN,Consumer Goods,19/9/2025,21.4,1400,1563,1080,-22.857142857142858,368
PLTS,Technology,19/9/2025,2.0,400,0,0,-100.0,368
NTSK,Technology,18/9/2025,47.8,1900,2249,1129,-40.578947368421055,369
STUB,Consumer Services,17/9/2025,34.0,2350,2200,835,-64.46808510638297,370
WBI,Oil & Gas,17/9/2025,31.7,2000,2283,2523,26.150000000000002,370
CHOW,Technology,16/9/2025,2.6,400,1261,1261,215.25,371
BRCB,Consumer Services,12/9/2025,14.7,2000,2753,1663,-16.85,375
GEMI,Financials,12/9/2025,15.2,2800,3200,894,-68.07142857142857,375
FOFO,Financials,12/9/2025,1.4,400,1235,1235,208.75,375
LGN,Other,12/9/2025,26.0,2800,3050,5041,80.03571428571429,375
VIA,Technology,12/9/2025,10.7,4600,4951,1904,-58.608695652173914,375
LBRX,Health Care,11/9/2025,19.0,1500,1730,2378,58.53333333333334,376
KLAR,Financials,10/9/2025,34.3,4000,4582,1375,-65.625,377
FCHL,Consumer Services,4/9/2025,3.8,400,425,425,6.25,383
PMI,Health Care,29/8/2025,4.3,400,459,168,-57.99999999999999,389
TGHL,Technology,28/8/2025,3.7,400,338,40,-90.0,390
THH,Consumer Services,28/8/2025,1.5,400,602,2947,636.75,390
CURX,Health Care,26/8/2025,3.8,400,402,37,-90.75,392
CEPF,Blank Check,21/8/2025,40.0,1000,1012,1012,1.2,397
ETS,Other,21/8/2025,3.8,400,350,53,-86.75,397
YMT,Other,19/8/2025,5.0,410,280,164,-60.0,399
NUTR,Consumer Services,15/8/2025,3.8,400,391,900,125.0,403
PPCB,Health Care,15/8/2025,1.0,400,0,46,-88.5,403
BUUU,Other,14/8/2025,1.5,400,400,959,139.75,404
MIAX,Financials,14/8/2025,15.0,2300,3074,4223,83.60869565217392,404
RYOJ,Health Care,14/8/2025,1.3,400,290,290,-27.500000000000004,404
BLSH,Financials,13/8/2025,30.0,3700,6800,2745,-25.810810810810807,405
NSRX,Health Care,13/8/2025,1.3,800,825,710,-11.25,405
MAGH,Other,12/8/2025,2.2,400,406,406,1.5,406
AVBH,Financials,8/8/2025,2.6,2300,2325,2325,1.0869565217391304,410
DKI,Consumer Services,8/8/2025,1.5,400,548,548,37.0,410
EFTY,Other,8/8/2025,1.4,400,488,488,22.0,410
HTFL,Health Care,8/8/2025,16.7,1900,2875,2875,51.31578947368421,410
FLY,Industrials,7/8/2025,19.3,4500,6035,5017,11.488888888888889,411
WYFI,Technology,7/8/2025,9.4,1700,1622,1530,-10.0,411
CTW,Technology,6/8/2025,2.4,500,444,275,-45.0,412
HCMAU,Blank Check,1/8/2025,22.0,1000,1009,1010,1.0,417
FIG,Technology,31/7/2025,36.9,3300,11550,3733,13.121212121212123,418
SI,Health Care,31/7/2025,5.0,1500,1505,1439,-4.066666666666666,418
AMBQ,Technology,30/7/2025,4.0,2400,3870,3334,38.916666666666664,419
YMAT,Consumer Goods,30/7/2025,1.3,400,408,408,2.0,419
ARX,Financials,24/7/2025,34.5,2100,2651,1580,-24.761904761904763,425
LHAI,Financials,24/7/2025,1.5,400,563,1031,157.75,425
MH,Other,24/7/2025,24.4,1700,1701,1587,-6.647058823529411,425
CARL,Health Care,23/7/2025,6.7,1500,1450,1269,-15.4,426
CRE,Other,23/7/2025,1.5,400,440,435,8.75,426
TDIC,Consumer Services,23/7/2025,2.0,400,438,375,-6.25,426
NIQ,Technology,23/7/2025,50.0,2100,1901,1756,-16.380952380952383,426
MJID,Industrials,18/7/2025,2.5,600,330,330,-45.0,431
LAWR,Technology,17/7/2025,3.8,400,0,0,-100.0,432
AUGO,Basic Materials,16/7/2025,8.1,2425,2425,2425,0.0,433
KMRK,Industrials,16/7/2025,1.6,400,495,495,23.75,433
MGRT,Technology,16/7/2025,3.8,400,381,381,-4.75,433
ALM,Basic Materials,14/7/2025,20.0,450,477,477,6.0,435
BMHL,Financials,11/7/2025,1.4,400,400,400,0.0,438
DLXY,Oil & Gas,9/7/2025,2.0,400,495,495,23.75,440
MSGY,Other,8/7/2025,1.5,400,427,427,6.75,441
ANPA,Other,8/7/2025,1.3,400,352,352,-12.0,441
TLIH,Other,8/7/2025,2.2,400,373,373,-6.75,441
MAMK,Industrials,7/7/2025,1.6,400,369,369,-7.75,442
CV,Health Care,2/7/2025,5.5,500,350,350,-30.0,447
COSO,Financials,2/7/2025,2.0,2150,2150,2150,0.0,447
EMPG,Industrials,2/7/2025,1.4,400,435,435,8.75,447
GRAN,Financials,1/7/2025,1.9,500,460,491,-1.7999999999999998,448
CAEP,Blank Check,26/6/2025,24.0,1000,1050,1050,5.0,453
JCAP,Financials,26/6/2025,10.0,1500,1854,1854,23.599999999999998,453
JLHL,Industrials,26/6/2025,1.3,400,423,423,5.75,453
FMFC,Consumer Goods,25/6/2025,2.0,400,440,440,10.0,454
HCHL,Consumer Services,24/6/2025,1.1,500,500,500,0.0,455
CAI,Health Care,18/6/2025,23.5,2100,2800,2725,29.761904761904763,461
EGG,Other,18/6/2025,2.9,500,653,653,30.599999999999998,461
SLDE,Financials,18/6/2025,24.0,1700,2025,2330,37.05882352941177,461
MENS,Health Care,17/6/2025,2.7,750,1011,801,6.800000000000001,462
AIRO,Other,13/6/2025,6.0,1000,2400,2204,120.39999999999999,466
CHYM,Financials,12/6/2025,32.0,2700,3711,2953,9.37037037037037,467
VNTG,Oil & Gas,12/6/2025,3.3,400,380,385,-3.75,467
ASIC,Financials,11/6/2025,6.7,1700,2474,2257,32.76470588235294,468
VOYG,Other,11/6/2025,12.4,3100,5713,4470,44.193548387096776,468
JEM,Consumer Goods,9/6/2025,2.5,400,385,627,56.75,470
OMDA,Health Care,6/6/2025,7.9,1900,2300,1520,-20.0,473
CRCL,Financials,5/6/2025,34.0,3100,8323,24028,675.0967741935484,474
PTNM,Consumer Goods,30/5/2025,1.8,400,380,380,-5.0,480
JENA.U,Blank Check,29/5/2025,20.0,1000,0,0,-100.0,481
FTRK,Other,23/5/2025,3.8,400,0,0,-100.0,487
HNGE,Health Care,22/5/2025,13.7,3200,3756,3756,17.375,488
MNTN,Consumer Services,22/5/2025,11.7,1600,2636,2636,64.75,488
OFAL,Other,21/5/2025,3.8,400,0,0,-100.0,489
ARAI,Other,15/5/2025,30.0,1300,0,0,-100.0,495
ANTA,Financials,14/5/2025,3.9,1280,1638,1638,27.968749999999996,496
ETOR,Financials,14/5/2025,11.9,5200,6700,6700,28.846153846153843,496
OMSE,Oil & Gas,13/5/2025,3.7,900,751,751,-16.555555555555557,497
APUS,Health Care,9/5/2025,3.4,400,220,220,-45.0,501
AII,Financials,8/5/2025,6.9,1600,1690,1690,5.625,502
AHL,Financials,8/5/2025,13.3,3000,3250,3250,8.333333333333332,502
CEPT,Blank Check,2/5/2025,24.0,1000,1108,1108,10.8,508
SDM,Consumer Services,2/5/2025,1.5,400,611,611,52.75,508
YB,Financials,30/4/2025,2.0,1500,0,0,-100.0,510
PHOE,Other,25/4/2025,1.6,400,0,0,-100.0,515
CIGL,Other,22/4/2025,1.3,400,421,421,5.25,518
PFAI,Consumer Goods,22/4/2025,1.8,400,335,335,-16.25,518
TMDE,Oil & Gas,21/4/2025,3.1,325,363,363,11.692307692307692,519
CHA,Consumer Goods,17/4/2025,14.7,2800,3244,3244,15.857142857142856,523
EDHL,Consumer Services,17/4/2025,1.5,400,420,420,5.0,523
HXHX,Industrials,15/4/2025,1.8,400,311,311,-22.25,525
ATHR,Technology,10/4/2025,1.8,430,575,575,33.72093023255814,530
CUPR,Health Care,10/4/2025,3.0,400,415,415,3.75,530
IOTR,Technology,10/4/2025,2.1,400,355,355,-11.25,530
MB,Consumer Services,10/4/2025,2.0,400,410,410,2.5,530
CIIT,Other,10/4/2025,1.8,400,260,260,-35.0,530
FATN,Technology,8/4/2025,0.7,575,1300,1300,126.08695652173914,532
RYET,Technology,8/4/2025,3.8,400,451,451,12.75,532
BLIV,Technology,4/4/2025,2.5,400,354,354,-11.5,536
LHSW,Industrials,3/4/2025,2.0,400,429,429,7.249999999999999,537
SMA,Financials,2/4/2025,27.0,3000,3275,3275,9.166666666666666,538
TOPW,Consumer Goods,2/4/2025,2.7,400,383,383,-4.25,538
ENGS,Industrials,1/4/2025,2.3,450,495,495,10.0,539
WTF,Financials,1/4/2025,4.4,400,1985,1985,396.25,539
WXM,Industrials,1/4/2025,1.4,400,425,425,6.25,539
CRWV,Technology,28/3/2025,37.5,4000,4000,5257,31.424999999999997,543
NCT,Other,28/3/2025,1.5,700,685,685,-2.142857142857143,543
ALMU,Technology,27/3/2025,2.3,525,651,651,24.0,544
WFF,Industrials,27/3/2025,2.0,400,375,375,-6.25,544
EPSM,Consumer Goods,26/3/2025,1.3,400,482,482,20.5,545
NTHI,Health Care,26/3/2025,2.1,2500,1211,1211,-51.559999999999995,545
LGPS,Other,25/3/2025,2.0,500,370,370,-26.0,546
BIYA,Technology,21/3/2025,2.5,400,418,418,4.5,550
RCT,Consumer Services,21/3/2025,4.4,450,450,450,0.0,550
MWYN,Consumer Goods,13/3/2025,2.0,400,0,0,-100.0,558
MCRP,Technology,7/3/2025,3.9,400,355,355,-11.25,564
SAGT,Technology,7/3/2025,1.8,400,360,360,-10.0,564
ADVB,Health Care,6/3/2025,1.6,400,365,365,-8.75,565
TBH,Consumer Goods,6/3/2025,1.5,400,430,430,7.5,565
CAPS,Basic Materials,6/3/2025,1.3,400,390,390,-2.5,565
KMTS,Health Care,6/3/2025,11.9,1700,2184,2099,23.47058823529412,565
PN,Technology,4/3/2025,2.0,400,403,403,0.75,567
LUD,Industrials,27/2/2025,2.5,400,400,400,0.0,572
LZMH,Technology,27/2/2025,1.8,400,500,1653,313.25,572
WETO,Consumer Services,27/2/2025,2.0,400,360,360,-10.0,572
STAK,Oil & Gas,26/2/2025,1.3,400,373,373,-6.75,573
BMGL,Health Care,25/2/2025,2.2,400,444,414,3.5000000000000004,574
WGRX,Health Care,21/2/2025,0.9,450,381,276,-38.666666666666664,578
NNNN,Health Care,19/2/2025,1.6,500,577,636,27.200000000000003,580
NPB,Financials,14/2/2025,10.4,1450,1450,1435,-1.0344827586206897,585
AARD,Health Care,13/2/2025,5.9,1600,1431,1365,-14.6875,586
KRMN,Industrials,13/2/2025,23.0,2200,3005,3014,37.0,586
SAIL,Technology,13/2/2025,60.0,2300,2200,2406,4.608695652173913,586
XHLD,Technology,13/2/2025,1.7,600,680,130,-78.33333333333333,586
AGH,Consumer Services,12/2/2025,3.8,400,388,495,23.75,587
ODYS,Technology,11/2/2025,3.3,650,650,650,0.0,588
SION,Health Care,7/2/2025,10.6,1800,2500,1552,-13.777777777777779,592
TTAM,Industrials,7/2/2025,24.0,1600,1670,1580,-1.25,592
EPWK,Technology,6/2/2025,2.8,410,411,452,10.24390243902439,593
FBGL,Industrials,6/2/2025,2.3,450,345,97,-78.44444444444446,593
CJMB,Other,5/2/2025,1.3,400,410,135,-66.25,594
HCAI,Other,5/2/2025,1.5,400,384,425,6.25,594
PLUT,Financials,5/2/2025,2.1,400,400,408,2.0,594
INR,Oil & Gas,31/1/2025,13.3,2000,2137,1521,-23.95,599
MAZE,Health Care,31/1/2025,8.8,1600,1595,1555,-2.8125,599
MTSR,Health Care,31/1/2025,15.3,1800,2650,3678,104.33333333333333,599
BBNX,Health Care,30/1/2025,12.0,1700,2363,1643,-3.3529411764705883,600
SFD,Consumer Goods,28/1/2025,26.1,2000,1975,2060,3.0,602
AAPG,Health Care,24/1/2025,7.3,1725,1738,2067,19.82608695652174,606
VG,Oil & Gas,24/1/2025,70.0,2500,2400,1420,-43.2,606
SKBL,Other,23/1/2025,1.5,400,466,918,129.5,607
MCTR,Other,22/1/2025,2.0,400,433,654,63.5,608
DXST,Other,22/1/2025,1.3,400,0,0,-100.0,608
DGNX,Technology,22/1/2025,2.3,410,750,308,-24.878048780487806,608
TOPP,Other,22/1/2025,2.5,400,375,221,-44.75,608
FLOC,Oil & Gas,16/1/2025,17.8,2400,2970,2644,10.166666666666666,614
PCLA,Industrials,16/1/2025,1.8,400,284,838,109.5,614
HKPD,Health Care,15/1/2025,1.5,400,282,173,-56.75,615
UFG,Oil & Gas,14/1/2025,2.1,400,400,435,8.75,616
MIMI,Other,10/1/2025,1.8,400,411,530,32.5,620
MASK,Technology,8/1/2025,1.3,400,325,275,-31.25,622
CEPO,Blank Check,7/1/2025,20.0,1000,1005,1010,1.0,623
ZYBT,Health Care,7/1/2025,1.5,400,486,422,5.5,623
INLF,Industrials,2/1/2025,2.0,400,445,196,-51.0,628
ONEG,Other,31/12/2024,1.8,400,300,300,-25.0,630
PHH,Consumer Goods,27/12/2024,1.2,400,407,407,1.7500000000000002,634
HIT,Financials,23/12/2024,2.3,400,0,0,-100.0,638
YAAS,Technology,20/12/2024,2.3,450,395,395,-12.222222222222221,641
LSE,Oil & Gas,19/12/2024,1.4,400,435,435,8.75,642
NCEW,Other,18/12/2024,1.5,400,254,254,-36.5,643
YSXT,Financials,18/12/2024,1.3,400,431,431,7.75,643
AVR,Health Care,13/12/2024,14.8,600,0,0,-100.0,648
NTCL,Technology,13/12/2024,1.8,500,500,500,0.0,648
TTAN,Technology,12/12/2024,8.8,7100,10100,10100,42.25352112676056,649
NAMI,Consumer Services,6/12/2024,1.3,400,444,444,11.0,655
LNKS,Industrials,5/12/2024,1.9,400,0,0,-100.0,656
ZSPC,Technology,5/12/2024,1.9,500,0,0,-100.0,656
JUNS,Health Care,3/12/2024,2.8,400,549,549,37.25,658
GRO,Basic Materials,27/11/2024,2.0,1500,1351,1351,-9.933333333333334,664
BRIA,Industrials,27/11/2024,2.5,400,400,400,0.0,664
PONY,Technology,27/11/2024,20.0,1300,1200,1200,-7.6923076923076925,664
VENU,Consumer Services,27/11/2024,1.2,1000,1012,1012,1.2,664
CGTL,Technology,26/11/2024,1.3,400,391,391,-2.25,665
WYHG,Industrials,26/11/2024,2.1,400,424,424,6.0,665
CASK,Industrials,22/11/2024,1.7,400,340,340,-15.0,669
MSW,Other,22/11/2024,1.5,550,559,559,1.6363636363636365,669
IZTC,Health Care,13/11/2024,1.9,800,865,865,8.125,678
ACOG,Health Care,12/11/2024,8.7,575,570,570,-0.8695652173913043,679
ADUR,Industrials,7/11/2024,0.9,425,425,458,7.764705882352942,684
GELS,Health Care,29/10/2024,1.3,400,294,294,-26.5,693
TZUP,Technology,29/10/2024,1.4,500,525,525,5.0,693
SEPN,Health Care,25/10/2024,16.0,1800,2140,2140,18.88888888888889,697
WRD,Technology,25/10/2024,7.7,1550,1655,1655,6.774193548387098,697
BEAGU,Blank Check,24/10/2024,25.0,1000,1000,1000,0.0,698
INGM,Technology,24/10/2024,18.6,2200,2460,2460,11.818181818181818,698
FGL,Other,23/10/2024,1.2,400,316,316,-21.0,699
ROLR,Consumer Services,23/10/2024,1.3,800,779,779,-2.625,699
LBGJ,Industrials,23/10/2024,1.5,400,410,410,2.5,699
SAG,Industrials,23/10/2024,0.9,800,636,636,-20.5,699
SNYR,Consumer Goods,23/10/2024,1.2,900,900,900,0.0,699
HUHU,Industrials,22/10/2024,1.1,400,0,0,-100.0,700
ORIS,Consumer Goods,17/10/2024,1.8,400,600,600,50.0,705
SPHL,Other,17/10/2024,1.5,400,425,425,6.25,705
PTLE,Oil & Gas,16/10/2024,1.3,400,407,407,1.7500000000000002,706
SFHG,Consumer Goods,15/10/2024,2.0,400,530,530,32.5,707
CAMP,Health Care,11/10/2024,6.8,1100,1072,1072,-2.5454545454545454,711
CBLL,Health Care,11/10/2024,10.6,1700,2500,2500,47.05882352941176,711
STFS,Consumer Services,11/10/2024,2.2,400,326,326,-18.5,711
UPB,Health Care,11/10/2024,15.0,1700,2200,2200,29.411764705882355,711
CLIK,Other,9/10/2024,1.4,400,264,264,-34.0,713
KLC,Consumer Services,9/10/2024,24.0,2400,2613,2613,8.875,713
SKK,Other,8/10/2024,2.5,400,605,393,-1.7500000000000002,714
FLX,Other,4/10/2024,4.0,1650,1801,1801,9.151515151515152,718
CBNA,Financials,4/10/2024,1.9,2200,2120,2120,-3.6363636363636362,718
FVR,Financials,2/10/2024,13.2,1900,1872,1872,-1.4736842105263157,720
SARO,Other,2/10/2024,60.0,2400,3275,3275,36.45833333333333,720
WCT,Technology,2/10/2024,2.0,400,0,0,-100.0,720
HTLM,Consumer Goods,1/10/2024,1.3,400,402,402,0.5,721
ZJK,Industrials,30/9/2024,1.3,500,500,500,0.0,722
BIOA,Health Care,26/9/2024,11.0,1800,1831,1831,1.7222222222222223,726
BKV,Oil & Gas,26/9/2024,15.0,1800,1810,1810,0.5555555555555556,726
GRDN,Health Care,26/9/2024,8.0,1400,0,0,-100.0,726
IBG,Industrials,26/9/2024,1.4,400,292,76,-81.0,726
LGCY,Consumer Services,26/9/2024,2.5,400,402,402,0.5,726
PC,Consumer Services,25/9/2024,2.0,475,372,372,-21.684210526315788,727
GLE,Technology,20/9/2024,2.0,400,418,454,13.5,732
HCWC,Consumer Goods,16/9/2024,0.4,1000,524,262,-73.8,736
IBO,Health Care,16/9/2024,1.5,300,268,268,-10.666666666666668,736
KAPA,Health Care,16/9/2024,1.6,400,260,260,-35.0,736
BCAX,Health Care,13/9/2024,17.5,1800,2341,2573,42.94444444444444,739
MBX,Health Care,13/9/2024,10.2,1600,2365,2100,31.25,739
ZBIO,Health Care,13/9/2024,13.2,1700,1815,1790,5.294117647058823,739
GLXG,Other,12/9/2024,1.8,400,445,606,51.5,740
TDTH,Technology,10/9/2024,1.8,500,383,383,-23.400000000000002,742
XCH,Industrials,10/9/2024,3.3,620,736,1837,196.29032258064515,742
PTHL,Health Care,5/9/2024,2.3,400,378,432,8.0,747
PMAX,Other,5/9/2024,1.4,400,400,376,-6.0,747
AZI,Consumer Services,28/8/2024,2.5,400,262,300,-25.0,755
SPAI,Other,28/8/2024,1.0,500,427,425,-15.0,755
JBDI,Industrials,27/8/2024,2.3,500,1012,189,-62.2,756
RITR,Other,23/8/2024,2.1,400,415,410,2.5,760
WOK,Health Care,23/8/2024,2.0,400,360,436,9.0,760
YXT,Technology,16/8/2024,2.3,1100,1002,1002,-8.90909090909091,767
ACTU,Health Care,13/8/2024,2.8,800,861,800,0.0,770
CEP,Blank Check,13/8/2024,10.0,1000,1001,1000,0.0,770
OSTX,Health Care,1/8/2024,1.6,400,251,251,-37.25,782
NIPG,Consumer Services,26/7/2024,2.3,900,902,721,-19.88888888888889,788
CON,Health Care,25/7/2024,22.5,2350,2248,2334,-0.6808510638297872,789
LTM,Other,25/7/2024,19.0,2400,2470,2602,8.416666666666666,789
LINE,Financials,25/7/2024,56.9,7800,8078,8247,5.730769230769231,789
ORKT,Technology,25/7/2024,2.8,475,570,459,-3.3684210526315788,789
BLMZ,Technology,24/7/2024,1.3,430,245,326,-24.186046511627907,790
OS,Technology,24/7/2024,24.5,2000,2685,3072,53.6,790
ZDAI,Basic Materials,23/7/2024,1.5,400,422,73,-81.75,791
ARTV,Health Care,19/7/2024,13.9,1200,1200,1190,-0.8333333333333334,795
QMMM,Consumer Services,19/7/2024,2.2,400,407,563,40.75,795
ARDT,Health Care,18/7/2024,12.0,1600,1606,1708,6.75,796
TWFG,Financials,18/7/2024,11.0,1700,2201,2778,63.411764705882355,796
ICON,Other,12/7/2024,1.3,400,370,370,-7.5,802
TLN,Utilities,10/7/2024,36.8,12100,12750,17102,41.33884297520661,804
EHGO,Other,2/7/2024,1.3,400,326,261,-34.75,812
ALMS,Health Care,28/6/2024,13.1,1600,1330,1165,-27.187499999999996,816
LSH,Other,28/6/2024,1.5,450,401,239,-46.88888888888889,816
LB,Other,28/6/2024,14.5,1700,2315,3784,122.58823529411764,816
TBN,Oil & Gas,27/6/2024,3.1,2400,2175,1980,-17.5,817
WBTN,Technology,27/6/2024,15.0,2100,2300,1051,-49.952380952380956,817
RECT,Industrials,21/6/2024,2.0,400,390,317,-20.75,823
TEM,Technology,14/6/2024,11.1,3700,4025,2850,-22.972972972972975,830
PCSC,Blank Check,12/6/2024,7.5,1000,1005,1004,0.4,832
RAPP,Health Care,7/6/2024,8.0,1700,2080,1901,11.823529411764707,837
WAY,Technology,7/6/2024,45.0,2150,2070,2685,24.88372093023256,837
FLYE,Industrials,6/6/2024,2.3,400,478,59,-85.25,838
GAUZ,Technology,6/6/2024,4.4,1700,1645,900,-47.05882352941176,838
LIF,Technology,6/6/2024,5.8,2700,2700,3390,25.555555555555554,838
BOW,Financials,23/5/2024,7.5,1700,2380,2889,69.94117647058825,852
HDL,Consumer Services,17/5/2024,2.7,1956,2229,1435,-26.6359918200409,858
JDZG,Consumer Services,15/5/2024,2.0,400,407,59,-85.25,860
RAY,Consumer Goods,15/5/2024,1.5,400,423,374,-6.5,860
BTOC,Other,14/5/2024,1.6,500,462,401,-19.8,861
ZK,Industrials,10/5/2024,21.0,2100,2826,1352,-35.61904761904762,865
PAL,Other,9/5/2024,14.3,1500,1475,1725,15.0,866
SVCO,Technology,9/5/2024,6.0,1900,1980,1501,-21.0,866
NNE,Utilities,8/5/2024,2.6,400,519,1096,174.0,867
SOWG,Consumer Goods,2/5/2024,1.2,1000,975,1151,15.1,873
VIK,Consumer Services,1/5/2024,64.0,2400,2699,3357,39.875,874
ZONE,Industrials,26/4/2024,1.3,400,350,305,-23.75,879
LOAR,Industrials,25/4/2024,11.0,2800,4880,7365,163.03571428571428,880
MRX,Financials,25/4/2024,15.4,1900,1899,2381,25.31578947368421,880
RBRK,Technology,25/4/2024,23.5,3200,3700,3154,-1.4375,880
NCI,Industrials,23/4/2024,2.3,400,950,79,-80.25,882
MFI,Financials,22/4/2024,1.7,450,1229,106,-76.44444444444444,883
YYGH,Technology,22/4/2024,1.1,400,290,127,-68.25,883
TRSG,Industrials,19/4/2024,1.3,400,595,261,-34.75,886
CDTG,Utilities,18/4/2024,1.5,400,330,339,-15.25,887
CTRI,Utilities,18/4/2024,12.4,2100,2313,1660,-20.952380952380953,887
IBTA,Consumer Goods,18/4/2024,6.6,8800,10325,6129,-30.352272727272727,887
MTEN,Industrials,18/4/2024,1.3,400,350,455,13.750000000000002,887
SERV,Consumer Services,18/4/2024,10.0,400,311,260,-35.0,887
JUNE,Consumer Services,17/4/2024,2.0,400,406,489,22.25,888
TWG,Consumer Goods,16/4/2024,2.0,400,194,105,-73.75,889
ULS,Industrials,12/4/2024,33.8,2800,3494,4877,74.17857142857143,893
PACS,Health Care,11/4/2024,21.4,2100,2300,4080,94.28571428571428,894
MNDR,Health Care,10/4/2024,2.3,400,670,181,-54.75,895
CTNM,Health Care,5/4/2024,6.9,1600,1540,1470,-8.125,900
MAMO,Industrials,2/4/2024,1.3,450,301,366,-18.666666666666668,903
ZBAO,Financials,2/4/2024,1.5,400,370,371,-7.249999999999999,903
MMA,Consumer Services,28/3/2024,1.3,500,418,409,-18.2,908
BOLD,Health Care,28/3/2024,6.3,1600,1463,960,-40.0,908
UBXG,Technology,28/3/2024,2.0,500,410,410,-18.0,908
AUNA,Health Care,22/3/2024,30.0,1200,960,831,-30.75,914
LOBO,Industrials,21/3/2024,1.4,400,347,159,-60.25,915
RDDT,Technology,21/3/2024,22.0,3400,5044,6366,87.23529411764706,915
ALAB,Technology,20/3/2024,19.8,3600,6203,4644,28.999999999999996,916
INTJ,Consumer Services,20/3/2024,1.9,400,330,113,-71.75,916
RYDE,Technology,6/3/2024,3.0,400,400,149,-62.74999999999999,930
LGCL,Technology,5/3/2024,1.5,400,361,254,-36.5,931
SMXT,Consumer Goods,27/2/2024,4.5,400,800,90,-77.5,938
WETH,Technology,21/2/2024,2.2,500,305,208,-58.4,944
CHRO,Health Care,16/2/2024,1.1,600,480,136,-77.33333333333333,949
UMAC,Technology,14/2/2024,1.3,400,303,185,-53.75,951
TBBB,Consumer Goods,9/2/2024,33.7,1750,1905,3047,74.11428571428571,956
HLXB,Blank Check,9/2/2024,16.0,1000,1019,1035,3.5000000000000004,956
MGX,Health Care,9/2/2024,6.3,1500,1031,297,-80.2,956
TELO,Health Care,9/2/2024,1.0,700,500,623,-11.0,956
KYTX,Health Care,8/2/2024,14.5,2200,3000,1323,-39.86363636363636,957
PMNT,Industrials,8/2/2024,1.3,600,520,262,-56.333333333333336,957
AHR,Financials,7/2/2024,56.0,1200,1322,2453,104.41666666666667,958
ANRO,Health Care,2/2/2024,8.4,1600,2070,1228,-23.25,963
GUTS,Health Care,2/2/2024,7.3,1500,1285,657,-56.2,963
AS,Industrials,1/2/2024,105.0,1300,1340,1485,14.23076923076923,964
FBLG,Health Care,31/1/2024,4.8,3000,2910,1199,-60.03333333333334,965
AVBP,Health Care,26/1/2024,9.7,1800,2000,2359,31.055555555555554,970
BTSG,Consumer Services,26/1/2024,53.3,1300,1100,1128,-13.230769230769232,970
HAO,Consumer Services,26/1/2024,2.4,400,528,286,-28.499999999999996,970
CGON,Health Care,25/1/2024,20.0,1900,3717,3706,95.05263157894737,971
YIBO,Technology,25/1/2024,1.3,400,279,272,-32.0,971
JL,Industrials,24/1/2024,1.4,500,744,62,-87.6,972
SUGP,Other,24/1/2024,1.3,400,400,243,-39.25,972
KSPI,Technology,19/1/2024,11.3,9200,9597,11901,29.35869565217391,977
CCTG,Technology,18/1/2024,1.4,400,770,288,-28.000000000000004,978
PSBD,Financials,18/1/2024,5.5,1645,1619,1640,-0.303951367781155,978
SYNX,Industrials,12/1/2024,1.3,400,361,274,-31.5,984
SDHC,Consumer Services,11/1/2024,7.7,2100,2400,3776,79.80952380952381,985
ROMA,Financials,9/1/2024,3.1,400,290,68,-83.0,987
